{
  "$schema": "https://schemas.wp.org/trunk/theme.json",
  "version": 3,
  "settings": {
    "custom": {},
    "color": {
      "palette": [
        { "slug": "background", "color": "#ffffff", "name": "Background" },
        { "slug": "foreground", "color": "#111111", "name": "Foreground" },
        { "slug": "primary", "color": "#2563eb", "name": "Primary" }
      ]
    },
    "typography": {
      "fontSizes": [
        { "slug": "small", "size": "14px", "name": "Small" },
        { "slug": "medium", "size": "18px", "name": "Medium" },
        { "slug": "large", "size": "32px", "name": "Large" }
      ]
    },
    "layout": {
      "contentSize": "720px",
      "wideSize": "1120px"
    }
  },
  "styles": {
    "elements": {
      "link": {
        "color": {
          "text": "var(--wp--preset--color--primary)"
        }
      }
    }
  },
  "templateParts": [
    { "name": "header", "title": "Header", "area": "header" },
    { "name": "header-hero", "title": "Header (Hero)", "area": "header" },
    { "name": "footer", "title": "Footer", "area": "footer" }
  ]
}
